INSERT INTO USERS (ID,USERNAME, PASSWORD, ROLE) VALUES (1, 'admin', 'admin', 0)
INSERT INTO USERS (ID,USERNAME, PASSWORD, ROLE) VALUES (2, 'operator', 'operator', 0)
INSERT INTO USERS (ID,USERNAME, PASSWORD, ROLE) VALUES (3, 'student1', 'student', 1)
INSERT INTO USERS (ID,USERNAME, PASSWORD, ROLE) VALUES (4, 'student2', 'student', 1)
INSERT INTO USERS (ID,USERNAME, PASSWORD, ROLE) VALUES (5, 'student3', 'student', 1)

INSERT INTO STUDENT (ID) VALUES (3)
INSERT INTO STUDENT (ID) VALUES (4)
INSERT INTO STUDENT (ID) VALUES (5)

INSERT INTO COURSE (ID, NAME, COST, CREATOR, DATE_CREATED, DATE_MODIFIED) VALUES (1, 'JAVA 8 SE', 10000, 1, CURRENT_DATE, CURRENT_DATE)
INSERT INTO COURSE (ID, NAME, COST, CREATOR, DATE_CREATED, DATE_MODIFIED) VALUES (2, 'JAVA 8 SE II', 10000, 3, CURRENT_DATE, CURRENT_DATE)
INSERT INTO COURSE (ID, NAME, COST, CREATOR, DATE_CREATED, DATE_MODIFIED) VALUES (3, 'JAVA 8 EE', 1000, 3, CURRENT_DATE, CURRENT_DATE)
INSERT INTO COURSE (ID, NAME, COST, CREATOR, DATE_CREATED, DATE_MODIFIED) VALUES (4, 'JAVA 8 EE II', 1000, 3, CURRENT_DATE, CURRENT_DATE)

INSERT INTO REGISTRATIONS (USER_ID, COURSE_ID, STATUS, DATE_REGISTERED, DATE_ATTEMPTED) VALUES (4,1,0, CURRENT_DATE, CURRENT_DATE)
INSERT INTO REGISTRATIONS (USER_ID, COURSE_ID, STATUS, DATE_REGISTERED, DATE_ATTEMPTED) VALUES (4,2,0, CURRENT_DATE, CURRENT_DATE)
INSERT INTO REGISTRATIONS (USER_ID, COURSE_ID, STATUS, DATE_REGISTERED, DATE_ATTEMPTED) VALUES (3,3,0, CURRENT_DATE, CURRENT_DATE)
INSERT INTO REGISTRATIONS (USER_ID, COURSE_ID, STATUS, DATE_REGISTERED, DATE_ATTEMPTED) VALUES (3,4,0, CURRENT_DATE, CURRENT_DATE)
INSERT INTO REGISTRATIONS (USER_ID, COURSE_ID, STATUS, DATE_REGISTERED, DATE_ATTEMPTED) VALUES (5,1,0, CURRENT_DATE, CURRENT_DATE)